Workbook

Sheet Test Cases
A1: ID | B1: Type | C1: Requirement / Scenario | D1: Precondition | E1: Steps / Input | F1: Expected Result | G1: Actual Result | H1: Pass/Fail
A2: TC01 | B2: Smoke | C2: API is up and reachable | D2: App container/process is running | E2: GET /health | F2: HTTP 200, JSON {"status":"ok","db":"connected"} | G2: HTTP 200 {"db":"connected","status":"ok"} | H2: Pass
A3: TC02 | B3: Functional / CRUD (Read) | C3: List all users | D3: Database has seeded users | E3: GET /users | F3: HTTP 200, JSON array of all users | G3: HTTP 200, JSON array returned (10 seeded users incl. Ali Khan, Sara Ahmed, ...) | H3: Pass
A4: TC03 | B4: Positive / CRUD (Read) | C4: Get a single user by a valid, existing ID | D4: User with id=1 exists | E4: GET /users/1 | F4: HTTP 200, JSON object for user id 1 | G4: HTTP 200 {"id":1,"name":"Ali Khan","email":"ali.khan@example.com","status":"active"} | H4: Pass
A5: TC04 | B5: Negative / Invalid ID | C5: Get a user by a non-existent numeric ID | D5: No user with id=9999 exists | E5: GET /users/9999 | F5: HTTP 404, error message "user not found" | G5: HTTP 404 {"error":"user not found"} | H5: Pass
A6: TC05 | B6: Boundary / Invalid ID | C6: Get a user using a non-numeric ID | D6: N/A | E6: GET /users/abc | F6: HTTP 400, error "id must be an integer" | G6: HTTP 400 {"error":"id must be an integer"} | H6: Pass
A7: TC06 | B7: Boundary | C7: Get user by ID = 0 (boundary value) | D7: No user with id=0 exists (IDs start at 1) | E7: GET /users/0 | F7: HTTP 404, treated as a valid-format but non-existent ID | G7: HTTP 404 {"error":"user not found"} | H7: Pass
A8: TC07 | B8: Boundary / Invalid ID | C8: Get user by a negative ID | D8: N/A | E8: GET /users/-1 | F8: HTTP 400, rejected as invalid ID format | G8: HTTP 400 {"error":"id must be an integer"} | H8: Pass
A9: TC08 | B9: Functional / CRUD (Create) | C9: Create a user with all valid fields | D9: Email not already in use | E9: POST /users {name:'QA Tester', email:'qa.tester@example.com', status:'active'} | F9: HTTP 201, returns created user with a new id | G9: HTTP 201, {"id":11,"name":"QA Tester", ...} | H9: Pass
A10: TC09 | B10: Negative / Missing field | C10: Create a user with the 'name' field missing | D10: N/A | E10: POST /users {email:'missingname@example.com', status:'active'} | F10: HTTP 400, error "name is required and must be a string" | G10: HTTP 400 {"error":"name is required and must be a string"} | H10: Pass
A11: TC10 | B11: Negative / Missing field | C11: Create a user with the 'email' field missing | D11: N/A | E11: POST /users {name:'No Email', status:'active'} | F11: HTTP 400, error "a valid email is required" | G11: HTTP 400 {"error":"a valid email is required"} | H11: Pass
A12: TC11 | B12: Negative / Invalid data | C12: Create a user with a malformed email address | D12: N/A | E12: POST /users {name:'Bad Email', email:'not-an-email', status:'active'} | F12: HTTP 400, error "a valid email is required" | G12: HTTP 400 {"error":"a valid email is required"} | H12: Pass
... A28: TC27 | B28: Smoke / Regression | C28: API remains stable and responsive after a sequence of positive/negative/edge-case requests | D28: Full test sequence TC01-TC26 just executed | E28: GET /health x3 in a row | F28: All 3 calls return HTTP 200 - no crash, no degradation | G28: health check 1: HTTP 200 / check 2: HTTP 200 / check 3: HTTP 200 | H28: Pass

Sheet Summary
A1: QA Test Execution Summary
A3: Total test cases | B3: =COUNTA('Test Cases'!A2:A1000) -> 27
A4: Passed | B4: =COUNTIF('Test Cases'!H2:H1000,"Pass") -> 27
A5: Failed | B5: =COUNTIF('Test Cases'!H2:H1000,"Fail") -> 0
A6: Pass rate | B6: =B4/B3 -> 1
A8: Coverage by Test Type
A9: Smoke | B9: =COUNTIF('Test Cases'!B2:B1000,"Smoke") -> 1
A10: Functional / CRUD (Read) | B10: =COUNTIF('Test Cases'!B2:B1000,"Functional / CRUD (Read)") -> 1
A11: Functional / CRUD (Create) | B11: =COUNTIF('Test Cases'!B2:B1000,"Functional / CRUD (Create)") -> 1
A12: Functional / CRUD (Update) | B12: =COUNTIF('Test Cases'!B2:B1000,"Functional / CRUD (Update)") -> 1
A13: Positive / CRUD (Read) | B13: =COUNTIF('Test Cases'!B2:B1000,"Positive / CRUD (Read)") -> 1
A14: Negative / Invalid ID | B14: =COUNTIF('Test Cases'!B2:B1000,"Negative / Invalid ID") -> 2
A15: Boundary | B15: =COUNTIF('Test Cases'!B2:B1000,"Boundary") -> 1
A16: Boundary / Invalid ID | B16: =COUNTIF('Test Cases'!B2:B1000,"Boundary / Invalid ID") -> 2
A17: Negative / Missing field | B17: =COUNTIF('Test Cases'!B2:B1000,"Negative / Missing field") -> 2
A18: Negative / Invalid data | B18: =COUNTIF('Test Cases'!B2:B1000,"Negative / Invalid data") -> 3
A19: Negative / Duplicate data | B19: =COUNTIF('Test Cases'!B2:B1000,"Negative / Duplicate data") -> 2
A20: Boundary / Functional | B20: =COUNTIF('Test Cases'!B2:B1000,"Boundary / Functional") -> 1
A21: Negative / Missing data | B21: =COUNTIF('Test Cases'!B2:B1000,"Negative / Missing data") -> 1
A22: Negative / Unsupported method | B22: =COUNTIF('Test Cases'!B2:B1000,"Negative / Unsupported method") -> 2
A23: Negative / Invalid route | B23: =COUNTIF('Test Cases'!B2:B1000,"Negative / Invalid route") -> 1
A24: Integration | B24: =COUNTIF('Test Cases'!B2:B1000,"Integration") -> 1
A25: Integration / Dependency | B25: =COUNTIF('Test Cases'!B2:B1000,"Integration / Dependency") -> 1
A26: Integration / DB persistence | B26: =COUNTIF('Test Cases'!B2:B1000,"Integration / DB persistence") -> 1
A27: Regression / Security | B27: =COUNTIF('Test Cases'!B2:B1000,"Regression / Security") -> 1
A28: Smoke / Regression | B28: =COUNTIF('Test Cases'!B2:B1000,"Smoke / Regression") -> 1
